platform,campaign_type,campaigns,revenue,roi,ctr,conversion_rate,roi_rank_in_platform
Nykaa,Social Media,11114,5751837620.0,1.9721487130357505,0.08544037443265115,0.22077791248138062,1
Nykaa,SEO,11079,5698831847.0,1.960759609549684,0.08455531012391644,0.22028196739072017,2
Nykaa,Paid Ads,11116,5751468983.0,1.9583545411718626,0.08513617170752218,0.21888341759938254,3
Nykaa,Influencer,11134,5769064044.0,1.9493450808597639,0.08546516895422764,0.22049900395303101,4
Nykaa,Email,11112,5685161788.0,1.9321606946615086,0.08490621989735353,0.2211528026252881,5
Purplle,Social Media,11020,5702576618.0,1.9595268678647564,0.084962079688669,0.22018935464625775,1
Purplle,Paid Ads,11036,5728165764.0,1.9577234756752886,0.08486581073796462,0.2207346663121362,2
Purplle,Email,11237,5791823660.0,1.950391107610061,0.08526366171916482,0.21970533291056632,3
Purplle,SEO,10999,5626270490.0,1.9200090456075933,0.08483342218895604,0.21906927854508812,4
Purplle,Influencer,11263,5691510095.0,1.8983124253770955,0.08524547653019228,0.2183161696996567,5
Tira,Paid Ads,11131,5758884120.0,1.9722699043551346,0.08499673818800485,0.21987619479793902,1
Tira,Email,11144,5745590113.0,1.94468312569365,0.08483426973942128,0.2200937601890083,2
Tira,Social Media,11045,5648283737.0,1.926978129153225,0.08552278979607765,0.21798490454217584,3
Tira,SEO,11129,5680600584.0,1.9084883861577213,0.08466660626069866,0.22000469522563038,4
Tira,Influencer,11106,5620176608.0,1.896412850378819,0.08489210034838486,0.21914151584942765,5
