month,campaigns,revenue,roi,revenue_mom_growth,cumulative_revenue
2024-07-01,14888,7745900663.0,1.98167172953524,,7745900663.0
2024-08-01,14996,7755913972.0,1.9401316563832143,0.0012927236528905706,15501814635.0
2024-09-01,14485,7387851403.0,1.9141366163612201,-0.04745573124312108,22889666038.0
2024-10-01,14940,7661906188.0,1.9190358717443452,0.03709532989371089,30551572226.0
2024-11-01,14422,7414457262.0,1.939202049260232,-0.03229600048974135,37966029488.0
2024-12-01,14974,7735535225.0,1.9598190383385479,0.0433043109770912,45701564713.0
2025-01-01,14820,7649153344.0,1.950994758198556,-0.011166891299367099,53350718057.0
2025-02-01,13559,7038346030.0,1.9787339445359147,-0.07985293097557233,60389064087.0
2025-03-01,14581,7513378492.0,1.9492067441555305,0.06749205849999962,67902442579.0
2025-04-01,14590,7353160452.0,1.8883577183517715,-0.021324366950313367,75255603031.0
2025-05-01,14948,7620354088.0,1.925902517059503,0.03633725086569073,82875957119.0
2025-06-01,5462,2774288952.0,1.9402453967875928,-0.6359370024066524,85650246071.0
