platform,campaign_id,campaign_type,customer_segment,revenue,roi,roi_decile_overall,revenue_rank
Nykaa,NY-CMP-13007,Paid Ads,Tier 2 City Customers,4579910,74.44052863436124,10,1
Nykaa,NY-CMP-44157,SEO,Working Women,4412709,42.52876106194691,10,2
Nykaa,NY-CMP-38379,Influencer,Youth,4326120,13.42080378250591,10,3
Nykaa,NY-CMP-6741,Paid Ads,Youth,4264178,32.422340898976415,10,4
Nykaa,NY-CMP-56543,Influencer,Premium Shoppers,4119654,16.448910846620254,10,5
Purplle,PU-CMP-22268,Paid Ads,Youth,4345920,20.524663677130043,10,1
Purplle,PU-CMP-36294,Influencer,Premium Shoppers,4195620,37.32923832923833,10,2
Purplle,PU-CMP-9438,Influencer,Youth,4184550,23.23954372623574,10,3
Purplle,PU-CMP-9523,Social Media,Youth,4148565,13.376799670917316,10,4
Purplle,PU-CMP-48391,Influencer,Tier 2 City Customers,4082655,55.71761866452132,10,5
Tira,TI-CMP-42309,Paid Ads,Youth,4517478,16.77678770327467,10,1
Tira,TI-CMP-33733,SEO,Working Women,4277700,14.628322347437804,10,2
Tira,TI-CMP-52788,Influencer,Working Women,4231273,41.89558665231432,10,3
Tira,TI-CMP-27796,Email,College Students,4207876,19.290259559028748,10,4
Tira,TI-CMP-49375,Social Media,Working Women,4187248,17.06664830625172,10,5
