campaign_type,language,campaigns,pct_bottom_quartile_roi
Email,English,8223,0.2590295512586647
Email,Hindi,8546,0.2569623215539434
Influencer,Tamil,8419,0.2562062002613137
Influencer,Bengali,8367,0.25612525397394525
SEO,Hindi,8332,0.25504080652904465
SEO,Bengali,8252,0.2538778477944741
Paid Ads,Tamil,8288,0.25241312741312744
SEO,Tamil,8317,0.25201394733678006
Social Media,Hindi,8280,0.25132850241545895
Influencer,English,8470,0.2512396694214876
Paid Ads,Bengali,8308,0.25120365912373616
SEO,English,8306,0.249458222971346
Email,Bengali,8353,0.24877289596552138
Paid Ads,English,8347,0.2479932910027555
Email,Tamil,8371,0.24549038346673038
Influencer,Hindi,8247,0.24542257790711774
Social Media,Bengali,8365,0.24399282725642557
Social Media,Tamil,8254,0.2436394475405864
Social Media,English,8280,0.24154589371980675
Paid Ads,Hindi,8340,0.23800959232613908
