kpi,sql,python,powerbi_snapshot,sql_vs_python_ok,sql_vs_powerbi_ok
campaign_rows,166665.0,166665.0,166665.0,True,True
total_revenue,85650246071.0,85650246071.0,85650246071.0,True,True
total_spend,29128207786.130047,29128207786.13,29128207786.12993,True,True
roi,1.940457123207697,1.9404571232077015,1.9404571232077088,True,True
roas,2.9404571232076973,2.9404571232077017,2.940457123207709,True,True
total_impressions,9176717247.0,9176717247.0,9176717247.0,True,True
total_clicks,780386787.0,780386787.0,780386787.0,True,True
total_conversions,171513099.0,171513099.0,171513099.0,True,True
ctr,0.0850398640379945,0.08503986403799459,0.0850398640379945,True,True
conversion_rate,0.2197796039824544,0.2197796039824544,0.2197796039824544,True,True
cpa,169.8308056700092,169.8308056700089,169.83080567000852,True,True
net_profit,56522038284.86995,56522038284.869995,56522038284.87007,True,True
