metric,metric_type,control,treatment,abs_diff,rel_lift,ci_low,ci_high,p_value,n_control,n_treatment,prob_treatment_better,expected_loss,role,status,cuped_variance_reduction,experiment_id
conversion_rate,proportion,0.03463881178219515,0.039651519338834276,0.005012707556639129,0.144713611660771,0.0874584838715724,0.2049832450212412,2.379334651525511e-07,76013,75987,1.0,0.0,primary,,,EXP-001
revenue_per_user,mean,22.113894840235286,25.51813259517016,3.4042377549348757,0.1539411207084611,0.0887383981287511,0.2191438432881711,6.691933860119301e-07,76013,75987,1.0,0.0,secondary,,0.0228,EXP-001
gross_margin_per_user,mean,6.634165965760858,7.65543938363957,1.021273417878712,0.1539414936481145,0.08873874447039433,0.21914424282583467,6.69155843884923e-07,76013,75987,1.0,0.0,guardrail,OK,0.0228,EXP-001
refund_rate,proportion,0.05962780098746677,0.05509459010952539,-0.004533210877941382,-0.07602512255808702,-0.25241574256847743,0.14198441935757078,0.4643632108804636,2633,3013,0.230755,0.08606189476495432,guardrail,AT RISK,,EXP-001
conversion_rate,proportion,0.03579576744551963,0.039585919138035754,0.0037901516925161263,0.10588267728257694,0.051037280715733324,0.16359002516148635,0.00010455054856151058,76266,75734,0.99995,3.623064652825758e-07,primary,,,EXP-002
revenue_per_user,mean,22.69888158834509,24.521981102058163,1.8230995137130748,0.08031671105104832,0.020044294074730733,0.1405891280273659,0.00662185165333653,76266,75734,0.996635,2.9111883633148538e-05,secondary,,0.0209,EXP-002
gross_margin_per_user,mean,6.807910757907476,4.9027815530333605,-1.9051292048741155,-0.27984050799450966,-0.3200417094650034,-0.23963930652401597,4.387137773782662e-29,76266,75734,0.0,0.27954779882910613,guardrail,BREACH,0.0199,EXP-002
refund_rate,proportion,0.06446886446886448,0.058038692461641096,-0.0064301720072233795,-0.09974073624840807,-0.2651494476920342,0.1029000923046226,0.31020523653344734,2730,2998,0.153565,0.10363995701150079,guardrail,AT RISK,,EXP-002
conversion_rate,proportion,0.03449629245454928,0.040156709108716944,0.005660416654167666,0.16408768164363075,0.1057276306051973,0.22552796280649767,6.749388381521726e-09,71341,80659,1.0,0.0,primary,,,EXP-003
revenue_per_user,mean,22.264467909414662,25.603620735125016,3.3391528257103538,0.14997676294336104,0.08523787009865577,0.2147156557880663,1.000451208180856e-06,71341,80659,1.0,0.0,secondary,,0.0202,EXP-003
unsubscribe_rate,proportion,0.003896777449152661,0.005393074548407493,0.0014962970992548324,0.38398320632352156,0.19101623874156703,0.608214441651413,2.037061013626662e-05,71341,80659,0.999985,2.4824088599554094e-07,guardrail,BREACH,,EXP-003
conversion_rate,proportion,0.035560585920534855,0.034702763855453386,-0.0008578220650814691,-0.024122832705805064,-0.07421577561004344,0.028680572164298868,0.3637453650069409,75983,76017,0.179815,0.02652268661691605,primary,,,EXP-004
revenue_per_user,mean,22.833028275149516,22.100272735957933,-0.732755539191583,-0.03209191222300911,-0.08825054019230358,0.024066715746285362,0.27051252678119525,75983,76017,0.13483,0.03373907776979865,secondary,,0.0218,EXP-004
unsubscribe_rate,proportion,0.003895608228156298,0.0035781469934356787,-0.00031746123472061946,-0.08149208445194878,-0.22067021472452109,0.0825414437691594,0.31046563362899215,75983,76017,0.155115,0.08517173924485094,guardrail,OK,,EXP-004
