experiment_id,customer_segment,rel_lift,ci_low,ci_high,p_value,p_holm,significant_after_holm,note
EXP-001,College Students,0.0892725203965985,-0.029742940683081698,0.22288687549100605,0.14734329451088857,0.14734329451088857,False,exploratory - not a shipping criterion
EXP-001,Premium Shoppers,0.12653119023988757,0.006032201779502255,0.2614631224910309,0.038873387338394405,0.11662016201518322,False,exploratory - not a shipping criterion
EXP-001,Tier 2 City Customers,0.12679741143136392,0.0033528453398028457,0.26542961661550457,0.04360820694519174,0.11662016201518322,False,exploratory - not a shipping criterion
EXP-001,Working Women,0.1929039106494692,0.0654238321087175,0.3356372338943414,0.002188118099485381,0.010940590497426905,True,exploratory - not a shipping criterion
EXP-001,Youth,0.1898968955894078,0.059561134345528455,0.33626515378733446,0.0032662931849560817,0.013065172739824327,True,exploratory - not a shipping criterion
EXP-002,College Students,0.10001343786800687,-0.01729275879654979,0.23132252694948696,0.09742841750198838,0.29228525250596515,False,exploratory - not a shipping criterion
EXP-002,Premium Shoppers,0.06800226388808284,-0.04729195679957998,0.19724908780907335,0.25890703700432693,0.5178140740086539,False,exploratory - not a shipping criterion
EXP-002,Tier 2 City Customers,0.06182850704984855,-0.05353008249351443,0.1912473471466507,0.3065196264625012,0.5178140740086539,False,exploratory - not a shipping criterion
EXP-002,Working Women,0.1673860005808887,0.04350136087134593,0.305978243491972,0.0067927152205899954,0.03396357610294998,True,exploratory - not a shipping criterion
EXP-002,Youth,0.1344062547545759,0.01147707102884965,0.2722755539256303,0.031035618936096077,0.1241424757443843,False,exploratory - not a shipping criterion
EXP-003,College Students,0.21226756623333887,0.07877220997733358,0.36228263812263095,0.0011953461107443442,0.004781384442977377,True,exploratory - not a shipping criterion
EXP-003,Premium Shoppers,0.07555697131254346,-0.03991066143331912,0.2049116181896513,0.20858518568674667,0.20858518568674667,False,exploratory - not a shipping criterion
EXP-003,Tier 2 City Customers,0.20759642157873648,0.07503190808892013,0.35650775240910226,0.001445054973395754,0.004781384442977377,True,exploratory - not a shipping criterion
EXP-003,Working Women,0.11012357229173975,-0.009614126948286672,0.24433756507492577,0.07262177804878123,0.14524355609756245,False,exploratory - not a shipping criterion
EXP-003,Youth,0.22730829921583062,0.0942366163805628,0.376563020077356,0.0004554611245455309,0.0022773056227276545,True,exploratory - not a shipping criterion
EXP-004,College Students,-0.13628664538886348,-0.23477450258350074,-0.025122971657088766,0.017588458886527603,0.08794229443263801,False,exploratory - not a shipping criterion
EXP-004,Premium Shoppers,-0.0007699270713000805,-0.11108673202928532,0.12323752453877113,0.989704170962828,1.0,False,exploratory - not a shipping criterion
EXP-004,Tier 2 City Customers,0.07670482138705004,-0.04065560381915756,0.20842241536331985,0.20932686359423736,0.8373074543769494,False,exploratory - not a shipping criterion
EXP-004,Working Women,-0.03760592596084711,-0.14477325539181263,0.08299039942911035,0.5245075499725889,1.0,False,exploratory - not a shipping criterion
EXP-004,Youth,-0.019925719141148157,-0.1291690880939671,0.10302193326899656,0.7385295615014131,1.0,False,exploratory - not a shipping criterion
